{"cameraMode":{"drawMode":0,"name":"Shaded","section":"Shading Mode"},"sceneLighting":true,"audioPlay":false,"sceneViewState":{"m_AlwaysRefresh":true,"showFog":true,"showSkybox":true,"showFlares":true,"showImageEffects":true,"showParticleSystems":true,"showVisualEffectGraphs":true,"m_FxEnabled":true},"in2DMode":false,"pivot":{"x":1.3374344110488892,"y":1.0030269622802735,"z":8.365117073059082},"rotation":{"x":-0.029105981811881067,"y":-0.7579620480537415,"z":-0.03389602154493332,"w":0.650801420211792},"size":1.2124354839324952,"orthographic":false}