{"cameraMode":{"drawMode":0,"name":"Shaded","section":"Shading Mode"},"sceneLighting":true,"audioPlay":false,"sceneViewState":{"m_AlwaysRefresh":false,"showFog":true,"showSkybox":true,"showFlares":true,"showImageEffects":true,"showParticleSystems":true,"showVisualEffectGraphs":true,"m_FxEnabled":true},"in2DMode":false,"pivot":{"x":999.9049682617188,"y":530.7598266601563,"z":-7.19594144821167},"rotation":{"x":-0.06176840886473656,"y":-0.008387492038309574,"z":0.0005232428084127605,"w":-0.9980681538581848},"size":639.3732299804688,"orthographic":false}